{
  "cube": {
    "color": "#4e2d2d",
    "position": {
      "x": 1.5000000000000002,
      "y": -0.4,
      "z": 2
    },
    "rotation": {
      "x": 3.067486702812208,
      "y": -0.33403476210291555,
      "z": -3.0741523125287005
    }
  },
  "light": {
    "intensity": 3.4
  },
  "background": {
    "color": "#b89494"
  }
}